[ {
  "@id" : "_:genid1",
  "@type" : [ "http://www.w3.org/2002/07/owl#Restriction" ],
  "http://www.w3.org/2002/07/owl#onProperty" : [ {
    "@id" : "http://webprotege.stanford.edu/R8sVa4j6VpARQZwTgWdg8z2"
  } ],
  "http://www.w3.org/2002/07/owl#someValuesFrom" : [ {
    "@id" : "http://webprotege.stanford.edu/RXg3Xlq7GWQtw3xp0Ybnls"
  } ]
}, {
  "@id" : "_:genid2",
  "@type" : [ "http://www.w3.org/2002/07/owl#Class" ],
  "http://www.w3.org/2002/07/owl#intersectionOf" : [ {
    "@list" : [ {
      "@id" : "_:genid6"
    }, {
      "@id" : "_:genid4"
    } ]
  } ]
}, {
  "@id" : "_:genid4",
  "@type" : [ "http://www.w3.org/2002/07/owl#Restriction" ],
  "http://www.w3.org/2002/07/owl#onClass" : [ {
    "@id" : "http://webprotege.stanford.edu/R8v1IflFCXjqjtAimJPoP3S"
  } ],
  "http://www.w3.org/2002/07/owl#onProperty" : [ {
    "@id" : "http://webprotege.stanford.edu/R9lIqQeW7GtjRqj2snjFgzR"
  } ],
  "http://www.w3.org/2002/07/owl#qualifiedCardinality" : [ {
    "@type" : "http://www.w3.org/2001/XMLSchema#nonNegativeInteger",
    "@value" : "2"
  } ]
}, {
  "@id" : "_:genid6",
  "@type" : [ "http://www.w3.org/2002/07/owl#Restriction" ],
  "http://www.w3.org/2002/07/owl#onClass" : [ {
    "@id" : "http://webprotege.stanford.edu/R8awsvJ2YNlpE597ZghGioo"
  } ],
  "http://www.w3.org/2002/07/owl#onProperty" : [ {
    "@id" : "http://webprotege.stanford.edu/R9lIqQeW7GtjRqj2snjFgzR"
  } ],
  "http://www.w3.org/2002/07/owl#qualifiedCardinality" : [ {
    "@type" : "http://www.w3.org/2001/XMLSchema#nonNegativeInteger",
    "@value" : "1"
  } ]
}, {
  "@id" : "_:genid7",
  "@type" : [ "http://www.w3.org/2002/07/owl#Restriction" ],
  "http://www.w3.org/2002/07/owl#onClass" : [ {
    "@id" : "http://webprotege.stanford.edu/R7godt9fhKYVSl1TmoF8lp0"
  } ],
  "http://www.w3.org/2002/07/owl#onProperty" : [ {
    "@id" : "http://webprotege.stanford.edu/RbLI55zOqlurS74k24fH66"
  } ],
  "http://www.w3.org/2002/07/owl#qualifiedCardinality" : [ {
    "@type" : "http://www.w3.org/2001/XMLSchema#nonNegativeInteger",
    "@value" : "1"
  } ]
}, {
  "@id" : "_:genid8",
  "@type" : [ "http://www.w3.org/2002/07/owl#Restriction" ],
  "http://www.w3.org/2002/07/owl#onProperty" : [ {
    "@id" : "urn:webprotege:ontology:105d2c06-38a7-4607-ab3a-ad0c5e23e3ec#partOf"
  } ],
  "http://www.w3.org/2002/07/owl#someValuesFrom" : [ {
    "@id" : "http://webprotege.stanford.edu/R85NbvZYb09qBjJVrUHaAe3"
  } ]
}, {
  "@id" : "http://webprotege.stanford.edu/R49g8aymhhweQkoA1e1wY1",
  "@type" : [ "http://www.w3.org/2002/07/owl#Class" ],
  "http://www.w3.org/2000/01/rdf-schema#label" : [ {
    "@language" : "en",
    "@value" : "Inspection"
  } ]
}, {
  "@id" : "http://webprotege.stanford.edu/R76IDu0eErqn4LvVUqbmfsZ",
  "@type" : [ "http://www.w3.org/2002/07/owl#DatatypeProperty" ],
  "http://www.w3.org/2000/01/rdf-schema#domain" : [ {
    "@id" : "http://webprotege.stanford.edu/R8Z6ety2pRmvlJg1IX0qeDc"
  } ],
  "http://www.w3.org/2000/01/rdf-schema#label" : [ {
    "@language" : "en",
    "@value" : "material"
  } ],
  "http://www.w3.org/2000/01/rdf-schema#range" : [ {
    "@id" : "http://www.w3.org/2001/XMLSchema#string"
  } ],
  "http://www.w3.org/2000/01/rdf-schema#subPropertyOf" : [ {
    "@id" : "http://www.w3.org/2002/07/owl#topDataProperty"
  } ]
}, {
  "@id" : "http://webprotege.stanford.edu/R7godt9fhKYVSl1TmoF8lp0",
  "@type" : [ "http://www.w3.org/2002/07/owl#Class" ],
  "http://www.w3.org/2000/01/rdf-schema#label" : [ {
    "@language" : "en",
    "@value" : "CollisionEvent"
  } ],
  "http://www.w3.org/2000/01/rdf-schema#subClassOf" : [ {
    "@id" : "_:genid1"
  } ]
}, {
  "@id" : "http://webprotege.stanford.edu/R7sfCHS0EmeOhkJq3i7AzWm",
  "@type" : [ "http://www.w3.org/2002/07/owl#ObjectProperty" ],
  "http://www.w3.org/2000/01/rdf-schema#domain" : [ {
    "@id" : "http://webprotege.stanford.edu/RhWYDIctKgLoH4geHV6IFV"
  } ],
  "http://www.w3.org/2000/01/rdf-schema#label" : [ {
    "@language" : "en",
    "@value" : "detects"
  } ],
  "http://www.w3.org/2000/01/rdf-schema#range" : [ {
    "@id" : "http://webprotege.stanford.edu/R7godt9fhKYVSl1TmoF8lp0"
  } ],
  "http://www.w3.org/2000/01/rdf-schema#subPropertyOf" : [ {
    "@id" : "http://www.w3.org/2002/07/owl#topObjectProperty"
  } ]
}, {
  "@id" : "http://webprotege.stanford.edu/R85NbvZYb09qBjJVrUHaAe3",
  "@type" : [ "http://www.w3.org/2002/07/owl#Class" ],
  "http://www.w3.org/2000/01/rdf-schema#label" : [ {
    "@language" : "en",
    "@value" : "IoTDevice"
  } ]
}, {
  "@id" : "http://webprotege.stanford.edu/R8Z6ety2pRmvlJg1IX0qeDc",
  "@type" : [ "http://www.w3.org/2002/07/owl#Class" ],
  "http://www.w3.org/2000/01/rdf-schema#label" : [ {
    "@language" : "en",
    "@value" : "BridgeComponent"
  } ]
}, {
  "@id" : "http://webprotege.stanford.edu/R8awsvJ2YNlpE597ZghGioo",
  "@type" : [ "http://www.w3.org/2002/07/owl#Class" ],
  "http://www.w3.org/2000/01/rdf-schema#label" : [ {
    "@language" : "en",
    "@value" : "Span"
  } ]
}, {
  "@id" : "http://webprotege.stanford.edu/R8eKUsDZzdkdUOmuoFzKqj0",
  "@type" : [ "http://www.w3.org/2002/07/owl#Class" ],
  "http://www.w3.org/2000/01/rdf-schema#label" : [ {
    "@language" : "en",
    "@value" : "SupervisionCenter"
  } ]
}, {
  "@id" : "http://webprotege.stanford.edu/R8sVa4j6VpARQZwTgWdg8z2",
  "@type" : [ "http://www.w3.org/2002/07/owl#ObjectProperty" ],
  "http://www.w3.org/2000/01/rdf-schema#domain" : [ {
    "@id" : "http://webprotege.stanford.edu/R7godt9fhKYVSl1TmoF8lp0"
  } ],
  "http://www.w3.org/2000/01/rdf-schema#label" : [ {
    "@language" : "en",
    "@value" : "hasTimestamp"
  } ],
  "http://www.w3.org/2000/01/rdf-schema#range" : [ {
    "@id" : "http://webprotege.stanford.edu/RXg3Xlq7GWQtw3xp0Ybnls"
  } ],
  "http://www.w3.org/2000/01/rdf-schema#subPropertyOf" : [ {
    "@id" : "http://www.w3.org/2002/07/owl#topObjectProperty"
  } ]
}, {
  "@id" : "http://webprotege.stanford.edu/R8v1IflFCXjqjtAimJPoP3S",
  "@type" : [ "http://www.w3.org/2002/07/owl#Class" ],
  "http://www.w3.org/2000/01/rdf-schema#label" : [ {
    "@language" : "en",
    "@value" : "Abutment"
  } ]
}, {
  "@id" : "http://webprotege.stanford.edu/R8vCdQo16visILGDGbdhvUP",
  "@type" : [ "http://www.w3.org/2002/07/owl#Class" ],
  "http://www.w3.org/2000/01/rdf-schema#label" : [ {
    "@language" : "en",
    "@value" : "Bridge"
  } ],
  "http://www.w3.org/2000/01/rdf-schema#subClassOf" : [ {
    "@id" : "_:genid2"
  } ]
}, {
  "@id" : "http://webprotege.stanford.edu/R9JjQjC8aPzNLdEI5DT7IzA",
  "@type" : [ "http://www.w3.org/2002/07/owl#Class" ],
  "http://www.w3.org/2000/01/rdf-schema#label" : [ {
    "@language" : "en",
    "@value" : "Abutment,Span"
  } ]
}, {
  "@id" : "http://webprotege.stanford.edu/R9jHCVZpuSep2mWUeWFK3tH",
  "@type" : [ "http://www.w3.org/2002/07/owl#ObjectProperty" ],
  "http://www.w3.org/2000/01/rdf-schema#domain" : [ {
    "@id" : "http://webprotege.stanford.edu/R8vCdQo16visILGDGbdhvUP"
  } ],
  "http://www.w3.org/2000/01/rdf-schema#label" : [ {
    "@language" : "en",
    "@value" : "locatedAt"
  } ],
  "http://www.w3.org/2000/01/rdf-schema#range" : [ {
    "@id" : "http://webprotege.stanford.edu/RCidBLVTZuKlL4nNQT8Szrf"
  } ],
  "http://www.w3.org/2000/01/rdf-schema#subPropertyOf" : [ {
    "@id" : "http://www.w3.org/2002/07/owl#topObjectProperty"
  } ]
}, {
  "@id" : "http://webprotege.stanford.edu/R9lIqQeW7GtjRqj2snjFgzR",
  "@type" : [ "http://www.w3.org/2002/07/owl#ObjectProperty" ],
  "http://www.w3.org/2000/01/rdf-schema#domain" : [ {
    "@id" : "http://webprotege.stanford.edu/R8vCdQo16visILGDGbdhvUP"
  } ],
  "http://www.w3.org/2000/01/rdf-schema#label" : [ {
    "@language" : "en",
    "@value" : "hasPart"
  } ],
  "http://www.w3.org/2000/01/rdf-schema#range" : [ {
    "@id" : "http://webprotege.stanford.edu/R8awsvJ2YNlpE597ZghGioo"
  }, {
    "@id" : "http://webprotege.stanford.edu/R8v1IflFCXjqjtAimJPoP3S"
  } ],
  "http://www.w3.org/2000/01/rdf-schema#subPropertyOf" : [ {
    "@id" : "http://www.w3.org/2002/07/owl#topObjectProperty"
  } ]
}, {
  "@id" : "http://webprotege.stanford.edu/RCidBLVTZuKlL4nNQT8Szrf",
  "@type" : [ "http://www.w3.org/2002/07/owl#Class" ],
  "http://www.w3.org/2000/01/rdf-schema#label" : [ {
    "@language" : "en",
    "@value" : "Location"
  } ]
}, {
  "@id" : "http://webprotege.stanford.edu/RDERN0GRh2rIMR4D3dQOJHu",
  "@type" : [ "http://www.w3.org/2002/07/owl#Class" ],
  "http://www.w3.org/2000/01/rdf-schema#label" : [ {
    "@language" : "en",
    "@value" : "Alert"
  } ],
  "http://www.w3.org/2000/01/rdf-schema#subClassOf" : [ {
    "@id" : "_:genid7"
  } ]
}, {
  "@id" : "http://webprotege.stanford.edu/RDFb5ZeuwmUyJKZrXyA9M0i",
  "@type" : [ "http://www.w3.org/2002/07/owl#DatatypeProperty" ],
  "http://www.w3.org/2000/01/rdf-schema#domain" : [ {
    "@id" : "http://webprotege.stanford.edu/RDERN0GRh2rIMR4D3dQOJHu"
  } ],
  "http://www.w3.org/2000/01/rdf-schema#label" : [ {
    "@language" : "en",
    "@value" : "alertLevel"
  } ],
  "http://www.w3.org/2000/01/rdf-schema#range" : [ {
    "@id" : "http://www.w3.org/2001/XMLSchema#integer"
  } ],
  "http://www.w3.org/2000/01/rdf-schema#subPropertyOf" : [ {
    "@id" : "http://www.w3.org/2002/07/owl#topDataProperty"
  } ]
}, {
  "@id" : "http://webprotege.stanford.edu/RDNCHX3Phg75vRsnD0jhbbm",
  "@type" : [ "http://www.w3.org/2002/07/owl#ObjectProperty" ],
  "http://www.w3.org/2000/01/rdf-schema#domain" : [ {
    "@id" : "http://webprotege.stanford.edu/R8vCdQo16visILGDGbdhvUP"
  } ],
  "http://www.w3.org/2000/01/rdf-schema#label" : [ {
    "@language" : "en",
    "@value" : "inspectedBy"
  } ],
  "http://www.w3.org/2000/01/rdf-schema#range" : [ {
    "@id" : "http://webprotege.stanford.edu/R49g8aymhhweQkoA1e1wY1"
  } ],
  "http://www.w3.org/2000/01/rdf-schema#subPropertyOf" : [ {
    "@id" : "http://www.w3.org/2002/07/owl#topObjectProperty"
  } ]
}, {
  "@id" : "http://webprotege.stanford.edu/RXg3Xlq7GWQtw3xp0Ybnls",
  "@type" : [ "http://www.w3.org/2002/07/owl#Class" ],
  "http://www.w3.org/2000/01/rdf-schema#label" : [ {
    "@language" : "en",
    "@value" : "DateTime"
  } ]
}, {
  "@id" : "http://webprotege.stanford.edu/RbLI55zOqlurS74k24fH66",
  "@type" : [ "http://www.w3.org/2002/07/owl#ObjectProperty" ],
  "http://www.w3.org/2000/01/rdf-schema#domain" : [ {
    "@id" : "http://webprotege.stanford.edu/RDERN0GRh2rIMR4D3dQOJHu"
  } ],
  "http://www.w3.org/2000/01/rdf-schema#label" : [ {
    "@language" : "en",
    "@value" : "reportedTo"
  } ],
  "http://www.w3.org/2000/01/rdf-schema#range" : [ {
    "@id" : "http://webprotege.stanford.edu/R8eKUsDZzdkdUOmuoFzKqj0"
  } ],
  "http://www.w3.org/2000/01/rdf-schema#subPropertyOf" : [ {
    "@id" : "http://www.w3.org/2002/07/owl#topObjectProperty"
  } ]
}, {
  "@id" : "http://webprotege.stanford.edu/ReriJu5uN7uomvwSZCBCg0",
  "@type" : [ "http://www.w3.org/2002/07/owl#DatatypeProperty" ],
  "http://www.w3.org/2000/01/rdf-schema#domain" : [ {
    "@id" : "http://webprotege.stanford.edu/R7godt9fhKYVSl1TmoF8lp0"
  } ],
  "http://www.w3.org/2000/01/rdf-schema#label" : [ {
    "@language" : "en",
    "@value" : "collisionForce"
  } ],
  "http://www.w3.org/2000/01/rdf-schema#range" : [ {
    "@id" : "http://www.w3.org/2001/XMLSchema#float"
  } ],
  "http://www.w3.org/2000/01/rdf-schema#subPropertyOf" : [ {
    "@id" : "http://www.w3.org/2002/07/owl#topDataProperty"
  } ]
}, {
  "@id" : "http://webprotege.stanford.edu/Rg16rxprAGPTCplemOwXis",
  "@type" : [ "http://www.w3.org/2002/07/owl#DatatypeProperty" ],
  "http://www.w3.org/2000/01/rdf-schema#domain" : [ {
    "@id" : "http://webprotege.stanford.edu/R8Z6ety2pRmvlJg1IX0qeDc"
  } ],
  "http://www.w3.org/2000/01/rdf-schema#label" : [ {
    "@language" : "en",
    "@value" : "dimensions"
  } ],
  "http://www.w3.org/2000/01/rdf-schema#range" : [ {
    "@id" : "http://www.w3.org/2001/XMLSchema#string"
  } ],
  "http://www.w3.org/2000/01/rdf-schema#subPropertyOf" : [ {
    "@id" : "http://www.w3.org/2002/07/owl#topDataProperty"
  } ]
}, {
  "@id" : "http://webprotege.stanford.edu/RhRWSyVUnFKAXNLRhUqWF3",
  "@type" : [ "http://www.w3.org/2002/07/owl#ObjectProperty" ],
  "http://www.w3.org/2000/01/rdf-schema#domain" : [ {
    "@id" : "http://webprotege.stanford.edu/R85NbvZYb09qBjJVrUHaAe3"
  } ],
  "http://www.w3.org/2000/01/rdf-schema#label" : [ {
    "@language" : "en",
    "@value" : "generates"
  } ],
  "http://www.w3.org/2000/01/rdf-schema#range" : [ {
    "@id" : "http://webprotege.stanford.edu/RDERN0GRh2rIMR4D3dQOJHu"
  } ],
  "http://www.w3.org/2000/01/rdf-schema#subPropertyOf" : [ {
    "@id" : "http://www.w3.org/2002/07/owl#topObjectProperty"
  } ]
}, {
  "@id" : "http://webprotege.stanford.edu/RhWYDIctKgLoH4geHV6IFV",
  "@type" : [ "http://www.w3.org/2002/07/owl#Class" ],
  "http://www.w3.org/2000/01/rdf-schema#comment" : [ {
    "@id" : "http://webprotege.stanford.edu/RhWYDIctKgLoH4geHV6IFV"
  } ],
  "http://www.w3.org/2000/01/rdf-schema#label" : [ {
    "@language" : "en",
    "@value" : "Sensor"
  } ],
  "http://www.w3.org/2000/01/rdf-schema#subClassOf" : [ {
    "@id" : "_:genid8"
  } ]
}, {
  "@id" : "urn:webprotege:ontology:105d2c06-38a7-4607-ab3a-ad0c5e23e3ec",
  "@type" : [ "http://www.w3.org/2002/07/owl#Ontology" ]
}, {
  "@id" : "urn:webprotege:ontology:105d2c06-38a7-4607-ab3a-ad0c5e23e3ec#Abutment1",
  "@type" : [ "http://www.w3.org/2002/07/owl#NamedIndividual", "http://webprotege.stanford.edu/R8v1IflFCXjqjtAimJPoP3S" ]
}, {
  "@id" : "urn:webprotege:ontology:105d2c06-38a7-4607-ab3a-ad0c5e23e3ec#Abutment2",
  "@type" : [ "http://www.w3.org/2002/07/owl#NamedIndividual", "http://webprotege.stanford.edu/R8v1IflFCXjqjtAimJPoP3S" ]
}, {
  "@id" : "urn:webprotege:ontology:105d2c06-38a7-4607-ab3a-ad0c5e23e3ec#Alert1",
  "@type" : [ "http://www.w3.org/2002/07/owl#NamedIndividual", "http://webprotege.stanford.edu/RDERN0GRh2rIMR4D3dQOJHu" ],
  "http://webprotege.stanford.edu/RDFb5ZeuwmUyJKZrXyA9M0i" : [ {
    "@value" : ""
  } ],
  "http://webprotege.stanford.edu/RbLI55zOqlurS74k24fH66" : [ {
    "@id" : "urn:webprotege:ontology:105d2c06-38a7-4607-ab3a-ad0c5e23e3ec#CollisionEvent1"
  }, {
    "@id" : "urn:webprotege:ontology:105d2c06-38a7-4607-ab3a-ad0c5e23e3ec#SupervisionCenter1"
  } ]
}, {
  "@id" : "urn:webprotege:ontology:105d2c06-38a7-4607-ab3a-ad0c5e23e3ec#CagneSurMerBridge",
  "@type" : [ "http://www.w3.org/2002/07/owl#NamedIndividual", "http://webprotege.stanford.edu/R8vCdQo16visILGDGbdhvUP" ],
  "http://webprotege.stanford.edu/R9lIqQeW7GtjRqj2snjFgzR" : [ {
    "@id" : "urn:webprotege:ontology:105d2c06-38a7-4607-ab3a-ad0c5e23e3ec#Abutment1"
  }, {
    "@id" : "urn:webprotege:ontology:105d2c06-38a7-4607-ab3a-ad0c5e23e3ec#Abutment2"
  }, {
    "@id" : "urn:webprotege:ontology:105d2c06-38a7-4607-ab3a-ad0c5e23e3ec#MainSpan"
  } ]
}, {
  "@id" : "urn:webprotege:ontology:105d2c06-38a7-4607-ab3a-ad0c5e23e3ec#CollisionEvent1",
  "@type" : [ "http://www.w3.org/2002/07/owl#NamedIndividual", "http://webprotege.stanford.edu/R7godt9fhKYVSl1TmoF8lp0" ],
  "http://webprotege.stanford.edu/R7sfCHS0EmeOhkJq3i7AzWm" : [ {
    "@id" : "urn:webprotege:ontology:105d2c06-38a7-4607-ab3a-ad0c5e23e3ec#Sensor1"
  } ]
}, {
  "@id" : "urn:webprotege:ontology:105d2c06-38a7-4607-ab3a-ad0c5e23e3ec#Inspection",
  "@type" : [ "http://www.w3.org/2002/07/owl#Class" ]
}, {
  "@id" : "urn:webprotege:ontology:105d2c06-38a7-4607-ab3a-ad0c5e23e3ec#Inspection1",
  "@type" : [ "http://www.w3.org/2002/07/owl#NamedIndividual", "urn:webprotege:ontology:105d2c06-38a7-4607-ab3a-ad0c5e23e3ec#Inspection" ],
  "http://webprotege.stanford.edu/RDNCHX3Phg75vRsnD0jhbbm" : [ {
    "@id" : "urn:webprotege:ontology:105d2c06-38a7-4607-ab3a-ad0c5e23e3ec#CagneSurMerBridge"
  } ]
}, {
  "@id" : "urn:webprotege:ontology:105d2c06-38a7-4607-ab3a-ad0c5e23e3ec#IoTDevice1",
  "@type" : [ "http://www.w3.org/2002/07/owl#NamedIndividual", "http://webprotege.stanford.edu/R85NbvZYb09qBjJVrUHaAe3" ],
  "http://webprotege.stanford.edu/RhRWSyVUnFKAXNLRhUqWF3" : [ {
    "@id" : "urn:webprotege:ontology:105d2c06-38a7-4607-ab3a-ad0c5e23e3ec#Alert1"
  } ]
}, {
  "@id" : "urn:webprotege:ontology:105d2c06-38a7-4607-ab3a-ad0c5e23e3ec#MainSpan",
  "@type" : [ "http://www.w3.org/2002/07/owl#NamedIndividual", "http://webprotege.stanford.edu/R8awsvJ2YNlpE597ZghGioo" ]
}, {
  "@id" : "urn:webprotege:ontology:105d2c06-38a7-4607-ab3a-ad0c5e23e3ec#Sensor1",
  "@type" : [ "http://www.w3.org/2002/07/owl#NamedIndividual", "http://webprotege.stanford.edu/RhWYDIctKgLoH4geHV6IFV" ],
  "http://webprotege.stanford.edu/R7sfCHS0EmeOhkJq3i7AzWm" : [ {
    "@id" : "urn:webprotege:ontology:105d2c06-38a7-4607-ab3a-ad0c5e23e3ec#CollisionEvent1"
  } ],
  "urn:webprotege:ontology:105d2c06-38a7-4607-ab3a-ad0c5e23e3ec#partOf" : [ {
    "@id" : "urn:webprotege:ontology:105d2c06-38a7-4607-ab3a-ad0c5e23e3ec#IoTDevice1"
  } ]
}, {
  "@id" : "urn:webprotege:ontology:105d2c06-38a7-4607-ab3a-ad0c5e23e3ec#SupervisionCenter1",
  "@type" : [ "http://www.w3.org/2002/07/owl#NamedIndividual", "http://webprotege.stanford.edu/R8eKUsDZzdkdUOmuoFzKqj0" ]
}, {
  "@id" : "urn:webprotege:ontology:105d2c06-38a7-4607-ab3a-ad0c5e23e3ec#partOf",
  "@type" : [ "http://www.w3.org/2002/07/owl#ObjectProperty" ],
  "http://www.w3.org/2000/01/rdf-schema#domain" : [ {
    "@id" : "http://webprotege.stanford.edu/RhWYDIctKgLoH4geHV6IFV"
  } ],
  "http://www.w3.org/2000/01/rdf-schema#range" : [ {
    "@id" : "http://webprotege.stanford.edu/R85NbvZYb09qBjJVrUHaAe3"
  } ]
} ]